{"cameraMode":{"drawMode":0,"name":"Shaded","section":"Shading Mode"},"sceneLighting":true,"audioPlay":false,"sceneViewState":{"showFog":false,"showMaterialUpdate":false,"showSkybox":false,"showFlares":false,"showImageEffects":false,"showParticleSystems":false},"in2DMode":false,"pivot":{"x":0.3772429823875427,"y":2.2587778568267824,"z":-1.1146597862243653},"rotation":{"x":0.014923397451639176,"y":0.9797245264053345,"z":-0.18315254151821137,"w":0.07982852309942246},"size":9.303129196166993,"orthographic":false}