{"cameraMode":{"drawMode":0,"name":"Shaded","section":"Shading Mode"},"sceneLighting":true,"audioPlay":false,"sceneViewState":{"showFog":true,"showMaterialUpdate":false,"showSkybox":true,"showFlares":true,"showImageEffects":true,"showParticleSystems":true},"in2DMode":false,"pivot":{"x":-22.780475616455079,"y":5.814774990081787,"z":12.237469673156739},"rotation":{"x":-0.005713828839361668,"y":0.8856780529022217,"z":-0.01090304460376501,"w":-0.4641367495059967},"size":10.0,"orthographic":false}