{"cameraMode":{"drawMode":0,"name":"Shaded","section":"Shading Mode"},"sceneLighting":false,"audioPlay":false,"sceneViewState":{"showFog":true,"showMaterialUpdate":false,"showSkybox":false,"showFlares":true,"showImageEffects":true,"showParticleSystems":true},"in2DMode":false,"pivot":{"x":1.9800000190734864,"y":1.0,"z":3.1600000858306886},"rotation":{"x":-0.3190595209598541,"y":-0.2926531434059143,"z":0.10429996997117996,"w":-0.8953996896743774},"size":0.7578839659690857,"orthographic":false}