{"cameraMode":{"drawMode":0,"name":"Shaded","section":"Shading Mode"},"sceneLighting":true,"audioPlay":false,"sceneViewState":{"showFog":true,"showMaterialUpdate":false,"showSkybox":true,"showFlares":true,"showImageEffects":true,"showParticleSystems":true},"in2DMode":false,"pivot":{"x":76.4073257446289,"y":-2.033249855041504,"z":63.63377380371094},"rotation":{"x":-0.03846326097846031,"y":0.9565402865409851,"z":-0.24813427031040193,"w":-0.14837610721588136},"size":62.45998764038086,"orthographic":false}