{"cameraMode":{"drawMode":0,"name":"Shaded","section":"Shading Mode"},"sceneLighting":false,"audioPlay":false,"sceneViewState":{"showFog":true,"showMaterialUpdate":false,"showSkybox":false,"showFlares":true,"showImageEffects":true,"showParticleSystems":true},"in2DMode":false,"pivot":{"x":8.19197940826416,"y":4.853531837463379,"z":0.5416009426116943},"rotation":{"x":-0.17747844755649568,"y":0.46323367953300478,"z":-0.09525702893733978,"w":-0.8630675673484802},"size":38.0604362487793,"orthographic":false}