{"cameraMode":{"drawMode":0,"name":"Shaded","section":"Shading Mode"},"sceneLighting":false,"audioPlay":false,"sceneViewState":{"showFog":true,"showMaterialUpdate":false,"showSkybox":false,"showFlares":true,"showImageEffects":true,"showParticleSystems":true},"in2DMode":false,"pivot":{"x":-0.28940725326538088,"y":3.6925292015075685,"z":-3.604938268661499},"rotation":{"x":-0.17747844755649568,"y":0.46323367953300478,"z":-0.09525702893733978,"w":-0.8630675673484802},"size":34.974937438964847,"orthographic":false}