{"cameraMode":{"drawMode":0,"name":"Shaded","section":"Shading Mode"},"sceneLighting":false,"audioPlay":false,"sceneViewState":{"showFog":true,"showMaterialUpdate":false,"showSkybox":false,"showFlares":true,"showImageEffects":true,"showParticleSystems":true},"in2DMode":false,"pivot":{"x":-1.3768861293792725,"y":4.453278064727783,"z":-1.34148108959198},"rotation":{"x":-0.17747844755649568,"y":0.46323367953300478,"z":-0.09525702893733978,"w":-0.8630675673484802},"size":35.72419357299805,"orthographic":false}