{"cameraMode":{"drawMode":0,"name":"Shaded","section":"Shading Mode"},"sceneLighting":false,"audioPlay":false,"sceneViewState":{"showFog":true,"showMaterialUpdate":false,"showSkybox":false,"showFlares":true,"showImageEffects":true,"showParticleSystems":true},"in2DMode":false,"pivot":{"x":4.186244964599609,"y":0.8999999761581421,"z":3.5368518829345705},"rotation":{"x":-0.3190595209598541,"y":-0.2926531434059143,"z":0.10429996997117996,"w":-0.8953996896743774},"size":2.6809327602386476,"orthographic":false}